{"cameraMode":{"drawMode":0,"name":"Shaded","section":"Shading Mode"},"sceneLighting":true,"audioPlay":false,"sceneViewState":{"m_AlwaysRefresh":false,"showFog":true,"showSkybox":true,"showFlares":true,"showImageEffects":true,"showParticleSystems":true,"showVisualEffectGraphs":true,"m_FxEnabled":true},"in2DMode":false,"pivot":{"x":-3.0277416706085207,"y":-1.8746228218078614,"z":3.3352975845336916},"rotation":{"x":-0.06163931265473366,"y":0.0649268627166748,"z":-0.004018174950033426,"w":-0.9959772825241089},"size":10.955733299255371,"orthographic":false}